code_set,code,name,definition,status,last_update,creation_date
ExternalPurpose1Code,BKDF,BankLoanDelayedDrawFunding,"Delayed draw funding. Certain issuers may utilize delayed draw loans whereby the lender is committed to fund cash
within a specified period once a call is made by the issuer. The lender receives a fee for entering into such a
commitment",Registered,2016-04-01,2016-01-01
ExternalPurpose1Code,BKFE,BankLoanFees,"Bank loan fees. Cash activity related to specific bank loan fees, including (a) agent / assignment fees; (b) amendment fees; (c) commitment fees; (d) consent fees; (e) cost of carry fees; (f) delayed compensation fees; (g)
facility fees; (h) fronting fees; (i) funding fees; (j) letter of credit assignment fees",Registered,2016-04-01,2016-01-01
ExternalPurpose1Code,BKFM,BankLoanFundingMemo,"Bank loan funding memo. Net cash movement for the loan contract final notification when sent separately from the
loan contract final notification instruction.",Registered,2016-04-01,2016-01-01
ExternalPurpose1Code,BKIP,BankLoanAccruedInterestPayment,Accrued interest payments. Specific to bank loans.,Registered,2016-04-01,2016-01-01
ExternalPurpose1Code,BKPP,BankLoanPrincipalPaydown,Principal paydowns. Specific to bank loans,Registered,2016-04-01,2016-01-01
ExternalPurpose1Code,CBLK,CardBulkClearing,"A Service that is settling money for a bulk of card transactions, while referring to a specific transaction file or other information like terminal ID, card acceptor ID or other transaction details.",Registered,2012-10-08,2012-10-08
ExternalPurpose1Code,CDCB,CardPaymentWithCashBack,Purchase of Goods and Services with additional Cash disbursement at the POI (Cashback),Registered,2010-01-01,2010-01-01
ExternalPurpose1Code,CDCD,CashDisbursementCashSettlement,ATM Cash Withdrawal in an unattended or Cash Advance in an attended environment (POI or bank counter),Registered,2020-05-01,2010-01-01
ExternalPurpose1Code,CDCS,CashDisbursementWithSurcharging,ATM Cash Withdrawal in an unattended or Cash Advance in an attended environment (POI or bank counter) with surcharging.,Registered,2012-02-09,2012-02-09
ExternalPurpose1Code,CDDP,CardDeferredPayment,"A combined service which enables the card acceptor to perform an authorisation for a temporary amount and a completion for the final amount within a limited time frame. Deferred Payment is only available in the unattended environment.
Examples where this service is widely used are unattended petrol pumps and phone booths",Registered,2013-01-11,2013-01-11
ExternalPurpose1Code,CDOC,OriginalCredit,"A service which allows the card acceptor to effect a credit to a cardholder' account. Unlike a Merchant Refund, an Original Credit is not preceded by a card payment. This service is used for example for crediting winnings from gaming.",Registered,2010-01-01,2010-01-01
ExternalPurpose1Code,CDQC,QuasiCash,Purchase of Goods which are equivalent to cash like coupons in casinos.,Registered,2010-01-01,2010-01-01
ExternalPurpose1Code,ETUP,EPurseTopUp,Transaction is related to a Service that is first reserving money from a card account and then is loading an e-purse application by this amount.,Registered,2012-05-31,2012-05-31
ExternalPurpose1Code,FCOL,FeeCollection,A Service that is settling card transaction related fees between two parties.,Registered,2012-10-08,2012-10-08
ExternalPurpose1Code,MTUP,MobileTopUp,A Service that is first reserving money from a card account and then is loading a prepaid mobile phone amount by this amount.,Registered,2012-02-09,2012-02-09
ExternalPurpose1Code,ACCT,AccountManagement,Transaction moves funds between 2 accounts of same account holder at the same bank.,Registered,2007-09-01,2007-09-01
ExternalPurpose1Code,CASH,CashManagementTransfer,Transaction is a general cash management instruction.,Registered,2009-04-01,2007-09-01
ExternalPurpose1Code,COLL,CollectionPayment,Transaction is a collection of funds initiated via a credit transfer or direct debit.,Registered,2007-09-01,2007-09-01
ExternalPurpose1Code,CSDB,CashDisbursementCashManagement,Transaction is related to cash disbursement.,Registered,2020-05-01,2009-04-01
ExternalPurpose1Code,DEPT,Deposit,Transaction is releted to a payment of deposit.,Registered,2009-04-01,2009-04-01
ExternalPurpose1Code,INTC,IntraCompanyPayment,"Transaction is an intra-company payment, ie, a payment between two companies belonging to the same group.",Registered,2007-09-01,2007-09-01
ExternalPurpose1Code,INTP,IntraPartyPayment,"Transaction is a payment between two accounts belonging to the same party (intra-party payment), where party is a natural person (identified by a private ID, not organisation ID).",Registered,2021-05-01,2021-05-01
ExternalPurpose1Code,LIMA,LiquidityManagement,"Bank initiated account transfer to support zero target balance management, pooling or sweeping.",Registered,2007-09-01,2007-09-01
ExternalPurpose1Code,NETT,Netting,Transaction is related to a netting operation.,Registered,2007-09-01,2007-09-01
ExternalPurpose1Code,BFWD,BondForward,"Cash collateral related to any securities traded out beyond 3 days which include treasury notes, JGBs and Gilts.",Registered,2016-04-01,2016-01-01
ExternalPurpose1Code,CCIR,CrossCurrencyIRS,"Cash Collateral related to a Cross Currency Interest Rate Swap, indicating the exchange of fixed interest payments in one currency for those in another.",Registered,2016-04-01,2016-01-01
ExternalPurpose1Code,CCPC,CCPClearedInitialMargin,Cash Collateral associated with an ISDA or Central Clearing Agreement that is covering the initial margin requirements for OTC trades clearing through a CCP. ,Registered,2016-04-01,2016-01-01
ExternalPurpose1Code,CCPM,CCPClearedVariationMargin,Cash Collateral associated with an ISDA or Central Clearing Agreement that is covering the variation margin requirements for OTC trades clearing through a CCP. ,Registered,2016-04-01,2016-01-01
ExternalPurpose1Code,CCSM,CCPClearedInitialMarginSegregatedCash,CCP Segregated initial margin: Initial margin on OTC Derivatives cleared through a CCP that requires segregation,Registered,2016-04-01,2016-01-01
ExternalPurpose1Code,CRDS,CreditDefaultSwap,Cash collateral related to trading of credit default swap.,Registered,2016-04-01,2016-01-01
ExternalPurpose1Code,CRPR,CrossProduct,Cash collateral related to a combination of various types of trades.,Registered,2016-04-01,2016-01-01
ExternalPurpose1Code,CRSP,CreditSupport,Cash collateral related to cash lending/borrowing; letter of Credit; signing of master agreement.,Registered,2016-04-01,2016-01-01
ExternalPurpose1Code,CRTL,CreditLine,Cash collateral related to opening of a credit line before trading.,Registered,2016-04-01,2016-01-01
ExternalPurpose1Code,EQPT,EquityOption,Cash collateral related to trading of equity option (Also known as stock options).,Registered,2016-04-01,2016-01-01
ExternalPurpose1Code,EQUS,EquitySwap,Cash collateral related to equity swap trades where the return of an equity is exchanged for either a fixed or a floating rate of interest.,Registered,2016-04-01,2016-01-01
ExternalPurpose1Code,EXPT,ExoticOption,Cash collateral related to trading of an exotic option for example a non-standard option.,Registered,2016-04-01,2016-01-01
ExternalPurpose1Code,EXTD,ExchangeTradedDerivatives,Cash collateral related to trading of exchanged traded derivatives in general (Opposite to Over the Counter (OTC)).,Registered,2016-04-01,2016-01-01
ExternalPurpose1Code,FIXI,FixedIncome,Cash collateral related to a fixed income instrument,Registered,2016-04-01,2016-01-01
ExternalPurpose1Code,FWBC,ForwardBrokerOwnedCashCollateral,"Cash collateral payment against a Master Forward Agreement (MFA) where the cash is held in a segregated account and is not available for use by the client. Includes any instruments with a forward settling date such TBAs, repurchase agreements and bond forwards",Registered,2016-04-01,2016-01-01
ExternalPurpose1Code,FWCC,ForwardClientOwnedCashCollateral,"Cash collateral payment against a Master Forward Agreement (MFA) where the cash is owned and may be used by the client when returned. Includes any instruments with a forward settling date such TBAs, repurchase agreements and bond forwards",Registered,2016-04-01,2016-01-01
ExternalPurpose1Code,FWSB,ForwardBrokerOwnedCashCollateralSegregated,"Any cash payment related to the collateral for a Master Agreement forward, which is segregated, and not available for use by the client. Example master agreement forwards include TBA, repo and Bond Forwards.",Registered,2016-04-01,2016-01-01
ExternalPurpose1Code,FWSC,ForwardClientOwnedSegregatedCashCollateral,"Any cash payment related to the collateral for a Master agreement forward, which is owned by the client and is available for use by the client when it is returned to them from the segregated account. Example master agreement forwards include TBA, repo and Bond Forwards.",Registered,2016-04-01,2016-01-01
ExternalPurpose1Code,MARG,DailyMarginOnListedDerivatives,"Daily margin on listed derivatives – not segregated as collateral associated with an FCM agreement. Examples
include listed futures and options margin payments; premiums for listed options not covered in the MT54X message",Registered,2016-04-01,2016-01-01
ExternalPurpose1Code,MBSB,MBSBrokerOwnedCashCollateral,"MBS Broker Owned Segregated (40Act/Dodd Frank) Cash Collateral - Any cash payment related to the collateral for a Mortgage Back Security, which is segregated, and not available for use by the client.",Registered,2016-04-01,2016-01-01
ExternalPurpose1Code,MBSC,MBSClientOwnedCashCollateral,"MBS Client Owned Cash Segregated (40Act/Dodd Frank) Cash Collateral - Any cash payment related to the collateral for a Mortgage Back Security, which is owned by the client and is available for use by the client when it is returned to them from the segregated account",Registered,2016-04-01,2016-01-01
ExternalPurpose1Code,MGCC,FuturesInitialMargin,Initial futures margin. Where such payment is owned by the client and is available for use by them on return,Registered,2016-04-01,2016-01-01
ExternalPurpose1Code,MGSC,FuturesInitialMarginClientOwnedSegregatedCashCollateral,"Margin Client Owned Segregated Cash Collateral - Any cash payment related to the collateral for initial futures margin, which is owned by the client and is available for use by the client when it is returned to them from the segregated account.",Registered,2016-04-01,2016-01-01
ExternalPurpose1Code,OCCC,ClientOwnedOCCPledgedCollateral,Client owned collateral identified as eligible for OCC pledging,Registered,2016-04-01,2016-01-01
ExternalPurpose1Code,OPBC,OTCOptionBrokerOwnedCashCollateral,Cash collateral payment for OTC options associated with an FCM agreement. Where such payment is segregated and not available for use by the client,Registered,2016-04-01,2016-01-01
ExternalPurpose1Code,OPCC,OTCOptionClientOwnedCashCollateral,Cash collateral payment for OTC options associated with an FCM agreement. Where such payment is not segregated and is available for use by the client upon return,Registered,2016-04-01,2016-01-01
ExternalPurpose1Code,OPSB,OTCOptionBrokerOwnedSegregatedCashCollateral,"Option Broker Owned Segregated Cash Collateral - Any cash payment related to the collateral for an OTC option, which is segregated, and not available for use by the client.",Registered,2016-04-01,2016-01-01
ExternalPurpose1Code,OPSC,OTCOptionClientOwnedCashSegregatedCashCollateral,"Option Client Owned Cash Segregated Cash Collateral - Any cash payment related to the collateral for an OTC option, which is owned by the client and is available for use by the client when it is returned to them from the segregated account",Registered,2016-04-01,2016-01-01
ExternalPurpose1Code,OPTN,FXOption,Cash collateral related to trading of option on Foreign Exchange.,Registered,2016-04-01,2016-01-01
ExternalPurpose1Code,OTCD,OTCDerivatives,Cash collateral related to Over-the-counter (OTC) Derivatives in general for example contracts which are traded and privately negotiated.,Registered,2016-04-01,2016-01-01
ExternalPurpose1Code,REPO,RepurchaseAgreement,Cash collateral related to a repurchase agreement transaction.,Registered,2016-04-01,2016-01-01
ExternalPurpose1Code,RPBC,BilateralRepoBrokerOwnedCollateral,"Bi-lateral repo broker owned collateral associated with a repo master agreement – GMRA or MRA Master Repo
Agreements",Registered,2016-04-01,2016-01-01
ExternalPurpose1Code,RPCC,RepoClientOwnedCollateral,Repo client owned collateral associated with a repo master agreement – GMRA or MRA Master Repo Agreements,Registered,2016-04-01,2016-01-01
ExternalPurpose1Code,RPSB,BilateralRepoBrokerOwnedSegregatedCashCollateral,Bi-lateral repo broker owned segregated cash collateral associated with a repo master agreement,Registered,2016-04-01,2016-01-01
ExternalPurpose1Code,RPSC,BilateralRepoClientOwnedSegregatedCashCollateral,Repo client owned segregated collateral associated with a repo master agreement,Registered,2016-04-01,2016-01-01
ExternalPurpose1Code,RVPO,ReverseRepurchaseAgreement,Cash collateral related to a reverse repurchase agreement transaction.,Registered,2016-04-01,2016-01-01
ExternalPurpose1Code,SBSC,SecuritiesBuySellSellBuyBack,Cash collateral related to a Securities Buy Sell Sell Buy Back,Registered,2016-04-01,2016-01-01
ExternalPurpose1Code,SCIE,SingleCurrencyIRSExotic,Cash collateral related to Exotic single currency interest rate swap.,Registered,2016-04-01,2016-01-01
ExternalPurpose1Code,SCIR,SingleCurrencyIRS,Cash collateral related to Single Currency Interest Rate Swap.,Registered,2016-04-01,2016-01-01
ExternalPurpose1Code,SCRP,SecuritiesCrossProducts,Cash collateral related to Combination of securities-related exposure types.,Registered,2016-04-01,2016-01-01
ExternalPurpose1Code,SHBC,BrokerOwnedCollateralShortSale,Short Sale broker owned collateral associated with a prime broker agreement,Registered,2016-04-01,2016-01-01
ExternalPurpose1Code,SHCC,ClientOwnedCollateralShortSale,Short Sale client owned collateral associated with a prime brokerage agreement,Registered,2016-04-01,2016-01-01
ExternalPurpose1Code,SHSL,ShortSell,Cash Collateral related to a Short Sell,Registered,2016-04-01,2016-01-01
ExternalPurpose1Code,SLEB,SecuritiesLendingAndBorrowing,Cash collateral related to Securities lending and borrowing.,Registered,2016-04-01,2016-01-01
ExternalPurpose1Code,SLOA,SecuredLoan,Cash collateral related to a Secured loan.,Registered,2016-04-01,2016-01-01
ExternalPurpose1Code,SWBC,SwapBrokerOwnedCashCollateral,"Cash collateral payment for swaps associated with an ISDA agreement. . Where such payment is segregated and
not available for use by the client. Includes any cash collateral payments made under the terms of a CSA agreement
for instruments such as swaps and FX forwards.",Registered,2016-04-01,2016-01-01
ExternalPurpose1Code,SWCC,SwapClientOwnedCashCollateral,"Cash collateral payment for swaps associated with an ISDA agreement. Where such payment is not segregated and
is available for use by the client upon return. Includes any cash collateral payments made under the terms of a CSA
agreement for instruments such as swaps and FX forwards.",Registered,2016-04-01,2016-01-01
ExternalPurpose1Code,SWPT,Swaption,Cash collateral related to an option on interest rate swap.,Registered,2016-04-01,2016-01-01
ExternalPurpose1Code,SWSB,SwapsBrokerOwnedSegregatedCashCollateral,"Swaps Broker Owned Segregated Cash Collateral - Any cash payment related to the collateral for Swap margin ,
which is segregated, and not available for use by the client. This includes any collateral identified in a CSA
agreement such as Swap or FX Forward collateral.",Registered,2016-04-01,2016-01-01
ExternalPurpose1Code,SWSC,SwapsClientOwnedSegregatedCashCollateral,"Swaps Client Owned Segregated Cash Collateral - Any cash payment related to the collateral for Swap margin,
which is owned by the client and is available for use by the client when returned from the segregated account. This
includes any collateral identified in a CSA agreement such as Swap or FX Forward collateral.",Registered,2016-04-01,2016-01-01
ExternalPurpose1Code,TBAS,ToBeAnnounced,Cash collateral related to a To Be Announced (TBA),Registered,2016-04-01,2016-01-01
ExternalPurpose1Code,TBBC,TBABrokerOwnedCashCollateral,Cash collateral payment (segregated) for TBA securities associated with a TBA Master Agreement. Where such payment is segregated and not available for use by the client.,Registered,2016-04-01,2016-01-01
ExternalPurpose1Code,TBCC,TBAClientOwnedCashCollateral,Cash collateral payment (for use by client)for TBA securities associated with a TBA Master Agreement. Where such payment is not segregated and is available for use by the client upon return.,Registered,2016-04-01,2016-01-01
ExternalPurpose1Code,TRCP,TreasuryCrossProduct,Cash collateral related to a combination of treasury-related exposure types.,Registered,2016-04-01,2016-01-01
ExternalPurpose1Code,AGRT,AgriculturalTransfer,Transaction is related to the agricultural domain.,Registered,2009-04-01,2007-09-01
ExternalPurpose1Code,AREN,AccountsReceivablesEntry,Transaction is related to a payment associated with an Account Receivable Entry,Registered,2009-04-01,2009-04-01
ExternalPurpose1Code,BEXP,BusinessExpenses,Transaction is related to a payment of business expenses.,Registered,2007-09-01,2007-09-01
ExternalPurpose1Code,BOCE,BackOfficeConversionEntry,Transaction is related to a payment associated with a Back Office Conversion Entry,Registered,2009-04-01,2009-04-01
ExternalPurpose1Code,COMC,CommercialPayment,Transaction is related to a payment of commercial credit or debit. (formerly CommercialCredit),Registered,2007-09-01,2007-09-01
ExternalPurpose1Code,CPYR,Copyright,Transaction is payment of copyright.,Registered,2007-09-01,2007-09-01
ExternalPurpose1Code,GDDS,PurchaseSaleOfGoods,Transaction is related to purchase and sale of goods.,Registered,2007-09-01,2007-09-01
ExternalPurpose1Code,GDSV,PurchaseSaleOfGoodsAndServices,Transaction is related to purchase and sale of goods and services.,Registered,2009-04-01,2009-04-01
ExternalPurpose1Code,GSCB,PurchaseSaleOfGoodsAndServicesWithCashBack,Transaction is related to purchase and sale of goods and services with cash back.,Registered,2009-04-01,2009-04-01
ExternalPurpose1Code,LICF,LicenseFee,Transaction is payment of a license fee.,Registered,2007-09-01,2007-09-01
ExternalPurpose1Code,MP2B,MobileP2BPayment,"A service which enables a user to use an app on its mobile to pay a merchant or other business payees by initiating a payment message. Within this context, the account information or an alias of the payee might be transported through different channels to the app, for example QR Code, NFC, Bluetooth, other Networks.",Registered,2017-05-01,2017-05-01
ExternalPurpose1Code,POPE,PointOfPurchaseEntry,Transaction is related to a payment associated with a Point of Purchase Entry.,Registered,2009-04-01,2009-04-01
ExternalPurpose1Code,ROYA,Royalties,Transaction is the payment of royalties.,Registered,2007-09-01,2007-09-01
ExternalPurpose1Code,SCVE,PurchaseSaleOfServices,Transaction is related to purchase and sale of services.,Registered,2007-09-01,2007-09-01
ExternalPurpose1Code,SERV,ServiceCharges,Transaction is related to service charges charged by a service provider.,Registered,2018-05-01,2018-05-01
ExternalPurpose1Code,SUBS,Subscription,Transaction is related to a payment of information or entertainment services either in printed or electronic form.,Registered,2007-09-01,2007-09-01
ExternalPurpose1Code,SUPP,SupplierPayment,Transaction is related to a payment to a supplier.,Registered,2007-09-01,2007-09-01
ExternalPurpose1Code,TRAD,Commercial,Transaction is related to a trade services operation.,Registered,2007-09-01,2007-09-01
ExternalPurpose1Code,CHAR,CharityPayment,Transaction is a payment for charity reasons.,Registered,2007-09-01,2007-09-01
ExternalPurpose1Code,COMT,ConsumerThirdPartyConsolidatedPayment,"Transaction is a payment used by a third party who can collect funds to pay on behalf of consumers, ie credit counseling or bill payment companies.",Registered,2007-09-01,2007-09-01
ExternalPurpose1Code,MP2P,MobileP2PPayment,A service which enables a user to use an app on its mobile to initiate moving funds from his/her bank account to another person’s bank account while not using the account number  but an alias information like an MSISDN as account addressing information in his/her app.,Registered,2017-05-01,2017-05-01
ExternalPurpose1Code,ECPG,GuaranteedEPayment,E-Commerce payment with payment guarantee of the issuing bank.,Registered,2014-12-26,2014-12-26
ExternalPurpose1Code,ECPR,EPaymentReturn,E-Commerce payment return.,Registered,2014-12-26,2014-12-26
ExternalPurpose1Code,ECPU,NonGuaranteedEPayment,E-Commerce payment without payment guarantee of the issuing bank.,Registered,2014-12-26,2014-12-26
ExternalPurpose1Code,EPAY,Epayment,Transaction is related to ePayment.,Registered,2016-04-01,2016-01-01
ExternalPurpose1Code,CLPR,CarLoanPrincipalRepayment,Transaction is a payment of car loan principal payment.,Registered,2009-04-01,2007-09-01
ExternalPurpose1Code,COMP,CompensationPayment,Transaction is related to the payment of a compensation relating to interest loss/value date adjustment and can include fees.,Registered,2017-11-01,2017-11-01
ExternalPurpose1Code,DBTC,DebitCollectionPayment,Collection of funds initiated via a debit transfer.,Registered,2009-04-01,2009-04-01
ExternalPurpose1Code,GOVI,GovernmentInsurance,Transaction is related to a payment of government insurance.,Registered,2007-09-01,2007-09-01
ExternalPurpose1Code,HLRP,PropertyLoanRepayment,Transaction is related to a payment of property loan.,Registered,2021-08-31,2007-09-01
ExternalPurpose1Code,HLST,PropertyLoanSettlement,Transaction is related to the settlement of a property loan.,Registered,2021-08-31,2018-05-01
ExternalPurpose1Code,INPC,InsurancePremiumCar,Transaction is a payment of car insurance premium.,Registered,2009-04-01,2009-04-01
ExternalPurpose1Code,INPR,InsurancePremiumRefund,Transaction is related to an insurance premium refund.,Registered,2018-05-01,2018-05-01
ExternalPurpose1Code,INSC,PaymentOfInsuranceClaim,Transaction is related to the payment of an insurance claim.,Registered,2018-05-01,2018-05-01
ExternalPurpose1Code,INSU,InsurancePremium,Transaction is payment of an insurance premium.,Registered,2007-09-01,2007-09-01
ExternalPurpose1Code,INTE,Interest,Transaction is payment of interest.,Registered,2007-09-01,2007-09-01
ExternalPurpose1Code,LBRI,LaborInsurance,Transaction is a payment of labor insurance.,Registered,2007-09-01,2007-09-01
ExternalPurpose1Code,LIFI,LifeInsurance,Transaction is a payment of life insurance.,Registered,2007-09-01,2007-09-01
ExternalPurpose1Code,LOAN,Loan,Transaction is related to transfer of loan to borrower.,Registered,2009-04-01,2007-09-01
ExternalPurpose1Code,LOAR,LoanRepayment,Transaction is related to repayment of loan to lender.,Registered,2007-09-01,2007-09-01
ExternalPurpose1Code,PENO,PaymentBasedOnEnforcementOrder,Payment based on enforcement orders except those arising from judicial alimony decrees.,Registered,2012-07-16,2012-07-16
ExternalPurpose1Code,PPTI,PropertyInsurance,Transaction is a payment of property insurance.,Registered,2007-09-01,2007-09-01
ExternalPurpose1Code,RELG,RentalLeaseGeneral,Transaction is for general rental/lease.,Registered,2016-11-18,2016-09-01
ExternalPurpose1Code,RINP,RecurringInstallmentPayment,Transaction is related to a payment of a recurring installment made at regular intervals.,Registered,2007-09-01,2007-09-01
ExternalPurpose1Code,TRFD,TrustFund,Transaction is related to a payment of a trust fund.,Registered,2007-09-01,2007-09-01
ExternalPurpose1Code,FORW,ForwardForeignExchange,FX trades with a value date in the future.,Registered,2016-04-01,2016-01-01
ExternalPurpose1Code,FXNT,ForeignExchangeRelatedNetting,FX netting if cash is moved by separate wire instead of within the closing FX instruction,Registered,2016-04-01,2016-01-01
ExternalPurpose1Code,ADMG,AdministrativeManagement,Transaction is related to a payment associated with administrative management.,Registered,2012-02-09,2012-02-09
ExternalPurpose1Code,ADVA,AdvancePayment,Transaction is an advance payment.,Registered,2007-09-01,2007-09-01
ExternalPurpose1Code,BCDM,BearerChequeDomestic,Transaction is the payment of a domestic bearer cheque.,Registered,2015-08-31,2015-08-31
ExternalPurpose1Code,BCFG,BearerChequeForeign,Transaction is the payment of a foreign bearer cheque.,Registered,2015-08-31,2015-08-31
ExternalPurpose1Code,BLDM,BuildingMaintenance,Transaction is related to a payment associated with building maintenance.,Registered,2012-02-09,2012-02-09
ExternalPurpose1Code,BNET,BondForwardNetting,Bond Forward pair-off cash net movement,Registered,2016-04-01,2016-01-01
ExternalPurpose1Code,CBFF,CapitalBuilding,"Transaction is related to capital building fringe fortune, ie capital building in general",Registered,2014-01-16,2009-04-01
ExternalPurpose1Code,CBFR,CapitalBuildingRetirement,Transaction is related to capital building fringe fortune for retirement,Registered,2014-01-16,2014-01-16
ExternalPurpose1Code,CCRD,CreditCardPayment,Transaction is related to a payment of credit card account.,Registered,2007-09-01,2007-09-01
ExternalPurpose1Code,CDBL,CreditCardBill,Transaction is related to a payment of credit card bill.,Registered,2009-04-01,2009-04-01
ExternalPurpose1Code,CFEE,CancellationFee,Transaction is related to a payment of cancellation fee.,Registered,2007-09-01,2007-09-01
ExternalPurpose1Code,CGDD,CardGeneratedDirectDebit,Transaction is related to a direct debit where the mandate was generated by using data from a payment card at the point of sale.,Registered,2014-01-16,2014-01-16
ExternalPurpose1Code,CORT,TradeSettlementPayment,"Transaction is related to settlement of a trade, e.g. a foreign exchange deal or a securities transaction.",Registered,2016-04-01,2016-01-01
ExternalPurpose1Code,COST,Costs,Transaction is related to payment of costs.,Registered,2007-09-01,2007-09-01
ExternalPurpose1Code,CPKC,CarparkCharges,Transaction is related to carpark charges.,Registered,2013-05-07,2013-05-06
ExternalPurpose1Code,DCRD,DebitCardPayment,Transaction is related to a debit card payment.,Registered,2007-09-01,2007-09-01
ExternalPurpose1Code,DSMT,PrintedOrderDisbursement,"Transaction is the payment of a disbursement due to a specific type of printed order for a payment of a  specified sum, issued by a bank or a post office (Zahlungsanweisung zur Verrechnung)",Registered,2015-08-31,2015-08-31
ExternalPurpose1Code,DVPM,DeliverAgainstPayment,Code used to pre-advise the account servicer of a forthcoming deliver against payment instruction.,Registered,2016-04-01,2016-01-01
ExternalPurpose1Code,EDUC,Education,Transaction is related to a payment of study/tuition fees.,Registered,2013-05-07,2013-05-06
ExternalPurpose1Code,FACT,FactorUpdateRelatedPayment,Payment related to a factor update,Registered,2016-04-01,2016-01-01
ExternalPurpose1Code,FAND,FinancialAidInCaseOfNaturalDisaster,Financial aid by State authorities for abolition of consequences of natural disasters.,Registered,2012-07-16,2012-07-16
ExternalPurpose1Code,FCPM,LatePaymentOfFeesAndCharges,Transaction is the payment for late fees & charges. E.g Credit card charges,Registered,2013-05-07,2013-05-06
ExternalPurpose1Code,FEES,PaymentOfFees,Payment of fees/charges.,Registered,2017-11-01,2016-04-01
ExternalPurpose1Code,GIFT,Gift,Payment with no commercial or statutory purpose.,Registered,2021-05-01,2021-05-01
ExternalPurpose1Code,GOVT,GovernmentPayment,Transaction is a payment to or from a government department.,Registered,2007-09-01,2007-09-01
ExternalPurpose1Code,ICCP,IrrevocableCreditCardPayment,Transaction is reimbursement of credit card payment.,Registered,2009-04-01,2009-04-01
ExternalPurpose1Code,IDCP,IrrevocableDebitCardPayment,Transaction is reimbursement of debit card payment.,Registered,2009-04-01,2009-04-01
ExternalPurpose1Code,IHRP,InstalmentHirePurchaseAgreement,Transaction is payment for an installment/hire-purchase agreement.,Registered,2007-09-01,2007-09-01
ExternalPurpose1Code,INSM,Installment,Transaction is related to a payment of an installment.,Registered,2007-09-01,2007-09-01
ExternalPurpose1Code,IVPT,InvoicePayment,Transaction is the payment for invoices.,Registered,2013-05-07,2013-05-06
ExternalPurpose1Code,MCDM,MultiCurrenyChequeDomestic,Transaction is the payment of a domestic multi-currency cheque,Registered,2015-08-31,2015-08-31
ExternalPurpose1Code,MCFG,MultiCurrenyChequeForeign,Transaction is the payment of a foreign multi-currency cheque,Registered,2015-08-31,2015-08-31
ExternalPurpose1Code,MSVC,MultipleServiceTypes,Transaction is related to a payment for multiple service types.,Registered,2007-09-01,2007-09-01
ExternalPurpose1Code,NOWS,NotOtherwiseSpecified,Transaction is related to a payment for type of services not specified elsewhere.,Registered,2007-09-01,2007-09-01
ExternalPurpose1Code,OCDM,OrderChequeDomestic,Transaction is the payment of a domestic order cheque,Registered,2015-08-31,2015-08-31
ExternalPurpose1Code,OCFG,OrderChequeForeign,Transaction is the payment of a foreign order cheque,Registered,2015-08-31,2015-08-31
ExternalPurpose1Code,OFEE,OpeningFee,Transaction is related to a payment of opening fee.,Registered,2007-09-01,2007-09-01
ExternalPurpose1Code,OTHR,Other,Other payment purpose.,Registered,2007-09-01,2007-09-01
ExternalPurpose1Code,PADD,PreauthorizedDebit,Transaction is related to a pre-authorized debit origination,Registered,2009-04-01,2007-09-01
ExternalPurpose1Code,PTSP,PaymentTerms,Transaction is related to payment terms specifications,Registered,2007-09-01,2007-09-01
ExternalPurpose1Code,RCKE,RepresentedCheckEntry,Transaction is related to a payment associated with a re-presented check entry,Registered,2009-04-01,2009-04-01
ExternalPurpose1Code,RCPT,ReceiptPayment,Transaction is related to a payment of receipt.,Registered,2007-09-01,2007-09-01
ExternalPurpose1Code,REBT,Rebate,Transaction is the payment of a rebate.,Registered,2013-05-07,2013-05-06
ExternalPurpose1Code,REFU,Refund,Transaction is the payment of a refund.,Registered,2009-04-01,2009-04-01
ExternalPurpose1Code,RENT,Rent,Transaction is the payment of rent.,Registered,2007-09-01,2007-09-01
ExternalPurpose1Code,REOD,AccountOverdraftRepayment,Transaction is for account overdraft repayment,Registered,2016-11-18,2016-09-01
ExternalPurpose1Code,RIMB,ReimbursementOfAPreviousErroneousTransaction,Transaction is related to a reimbursement of a previous erroneous transaction.,Registered,2013-12-02,2013-11-29
ExternalPurpose1Code,RPNT,BilateralRepoInternetNetting,Bi-lateral repo interest net/bulk payment at rollover/pair-off or other closing scenarios where applicable,Registered,2016-04-01,2016-01-01
ExternalPurpose1Code,RRBN,RoundRobin,Cash payment resulting from a Round Robin,Registered,2016-04-01,2016-01-01
ExternalPurpose1Code,RRCT,ReimbursementReceivedCreditTransfer,Transaction is related to a reimbursement for commercial reasons of a correctly received credit transfer.,Registered,2018-11-01,2018-11-01
ExternalPurpose1Code,RRTP,RelatedRequestToPay,Transaction is related to a Request to Pay.,Registered,2021-02-01,2021-02-01
ExternalPurpose1Code,RVPM,ReceiveAgainstPayment,Code used to pre-advise the account servicer of a forthcoming receive against payment instruction.,Registered,2016-04-01,2016-01-01
ExternalPurpose1Code,SLPI,PaymentSlipInstruction,Transaction is payment of a well formatted payment slip.,Registered,2016-05-11,2016-04-01
ExternalPurpose1Code,SPLT,SplitPayments,"Split payments. To be used when cash and security movements for a security trade settlement are instructed
separately.",Registered,2016-04-01,2016-01-01
ExternalPurpose1Code,STDY,Study,Transaction is related to a payment of study/tuition costs.,Registered,2007-09-01,2007-09-01
ExternalPurpose1Code,TBAN,TBAPairOffNetting,TBA pair-off cash wire net movement,Registered,2016-04-01,2016-01-01
ExternalPurpose1Code,TBIL,TelecommunicationsBill,Transaction is related to a payment of telecommunications related bill.,Registered,2013-05-07,2013-05-06
ExternalPurpose1Code,TCSC,TownCouncilServiceCharges,Transaction is related to a payment associated with charges levied by a town council.,Registered,2013-05-07,2013-05-06
ExternalPurpose1Code,TELI,TelephoneInitiatedTransaction,Transaction is related to a payment initiated via telephone.,Registered,2009-04-01,2009-04-01
ExternalPurpose1Code,TMPG,TMPGClaimPayment,Cash payment resulting from a TMPG Claim,Registered,2016-04-01,2016-01-01
ExternalPurpose1Code,TPRI,TriPartyRepoInterest,Tri-Party Repo related interest,Registered,2016-04-01,2016-01-01
ExternalPurpose1Code,TPRP,TriPartyRepoNetting,Tri-party Repo related net gain/loss cash movement,Registered,2016-04-01,2016-01-01
ExternalPurpose1Code,TRNC,TruncatedPaymentSlip,Transaction is payment of a beneficiary prefilled payment slip where beneficiary to payer information is truncated.,Registered,2016-05-11,2016-04-01
ExternalPurpose1Code,TRVC,TravellerCheque,Transaction is the payment of a travellers cheque,Registered,2015-08-31,2015-08-31
ExternalPurpose1Code,WEBI,InternetInitiatedTransaction,Transaction is related to a payment initiated via internet.,Registered,2009-04-01,2009-04-01
ExternalPurpose1Code,IPAY,InstantPayments,Transaction in which the amount is available to the payee immediately.,Registered,2018-08-01,2018-08-01
ExternalPurpose1Code,IPCA,InstantPaymentsCancellation,Transaction in which the Return of the amount is fully returned.,Registered,2018-08-01,2018-08-01
ExternalPurpose1Code,IPDO,InstantPaymentsForDonations,"Transaction in which the amount is available to the payee immediately, done for donations, with sending the address data of the payer.",Registered,2018-08-01,2018-08-01
ExternalPurpose1Code,IPEA,InstantPaymentsInECommerceWithoutAddressData,"Transaction in which the amount is available to the payee immediately, done in E-commerce, without sending the address data of the payer.",Registered,2018-08-01,2018-08-01
ExternalPurpose1Code,IPEC,InstantPaymentsInECommerceWithAddressData,"Transaction in which the amount is available to the payee immediately, done in E-commerce, with sending the address data of the payer.",Registered,2018-08-01,2018-08-01
ExternalPurpose1Code,IPEW,InstantPaymentsInECommerce,"Transaction in which the amount is available to the payee immediately, done in E-commerce.",Registered,2018-08-01,2018-08-01
ExternalPurpose1Code,IPPS,InstantPaymentsAtPOS,"Transaction in which the amount is available to the payee immediately, done at POS.",Registered,2018-08-01,2018-08-01
ExternalPurpose1Code,IPRT,InstantPaymentsReturn,Transaction in which the Return of the amount is fully or partial returned.,Registered,2018-08-01,2018-08-01
ExternalPurpose1Code,IPU2,InstantPaymentsUnattendedVendingMachineWith2FA,Transaction is made via an unattending vending machine by using 2-factor-authentification.,Registered,2018-08-01,2018-08-01
ExternalPurpose1Code,IPUW,InstantPaymentsUnattendedVendingMachineWithout2FA,Transaction is made via an unattending vending machine by without using 2-factor-authentification.,Registered,2018-08-01,2018-08-01
ExternalPurpose1Code,ANNI,Annuity,"Transaction settles annuity related to credit, insurance, investments, other.n",Registered,2007-09-01,2007-09-01
ExternalPurpose1Code,CAFI,CustodianManagementFeeInhouse,Transaction is the payment of custodian account management fee where custodian bank and current account servicing bank coincide,Registered,2012-10-08,2012-10-08
ExternalPurpose1Code,CFDI,CapitalFallingDueInhouse,Transaction is the payment of capital falling due where custodian bank and current account servicing bank coincide,Registered,2012-10-08,2012-10-08
ExternalPurpose1Code,CMDT,CommodityTransfer,Transaction is payment of commodities.,Registered,2009-04-01,2007-09-01
ExternalPurpose1Code,DERI,Derivatives,Transaction is related to a derivatives transaction,Registered,2007-09-01,2007-09-01
ExternalPurpose1Code,DIVD,Dividend,Transaction is payment of dividends.,Registered,2007-09-01,2007-09-01
ExternalPurpose1Code,FREX,ForeignExchange,Transaction is related to a foreign exchange operation.,Registered,2007-09-01,2007-09-01
ExternalPurpose1Code,HEDG,Hedging,Transaction is related to a hedging operation.,Registered,2007-09-01,2007-09-01
ExternalPurpose1Code,INVS,InvestmentAndSecurities,"Transaction is for the payment of mutual funds, investment products and shares",Registered,2013-05-07,2013-05-06
ExternalPurpose1Code,PRME,PreciousMetal,Transaction is related to a precious metal operation.,Registered,2007-09-01,2007-09-01
ExternalPurpose1Code,SAVG,Savings,Transfer to / from savings or to retirement account.,Registered,2024-08-30,2007-09-01
ExternalPurpose1Code,SECU,Securities,Transaction is the payment of securities.,Registered,2009-04-01,2007-09-01
ExternalPurpose1Code,SEPI,SecuritiesPurchaseInhouse,Transaction is the payment of a purchase of securities where custodian bank and current account servicing bank coincide,Registered,2012-10-08,2012-10-08
ExternalPurpose1Code,TREA,TreasuryPayment,Transaction is related to treasury operations.,Registered,2007-09-01,2007-09-01
ExternalPurpose1Code,UNIT,UnitTrustPurchase,Transaction is purchase of Unit Trust,Registered,2016-11-18,2016-09-01
ExternalPurpose1Code,FNET,FuturesNettingPayment,Cash associated with a netting of futures payments. Refer to CCPM codeword for netting of initial and variation margin through a CCP,Registered,2016-04-01,2016-01-01
ExternalPurpose1Code,FUTR,Futures,Cash related to futures trading activity.,Registered,2016-04-01,2016-01-01
ExternalPurpose1Code,ANTS,AnesthesiaServices,Transaction is a payment for anesthesia services.,Registered,2007-09-01,2007-09-01
ExternalPurpose1Code,CVCF,ConvalescentCareFacility,Transaction is a payment for convalescence care facility services.,Registered,2007-09-01,2007-09-01
ExternalPurpose1Code,DMEQ,DurableMedicaleEquipment,Transaction is a payment is for use of durable medical equipment.,Registered,2007-09-01,2007-09-01
ExternalPurpose1Code,DNTS,DentalServices,Transaction is a payment for dental services.,Registered,2007-09-01,2007-09-01
ExternalPurpose1Code,HLTC,HomeHealthCare,Transaction is a payment for home health care services.,Registered,2007-09-01,2007-09-01
ExternalPurpose1Code,HLTI,HealthInsurance,Transaction is a payment of health insurance.,Registered,2007-09-01,2007-09-01
ExternalPurpose1Code,HSPC,HospitalCare,Transaction is a payment for hospital care services.,Registered,2007-09-01,2007-09-01
ExternalPurpose1Code,ICRF,IntermediateCareFacility,Transaction is a payment for intermediate care facility services.,Registered,2007-09-01,2007-09-01
ExternalPurpose1Code,LTCF,LongTermCareFacility,Transaction is a payment for long-term care facility services.,Registered,2007-09-01,2007-09-01
ExternalPurpose1Code,MAFC,MedicalAidFundContribution,Transaction is contribution to medical aid fund.,Registered,2016-11-18,2016-09-01
ExternalPurpose1Code,MARF,MedicalAidRefund,Transaction is related to a medical aid refund.,Registered,2018-05-01,2018-05-01
ExternalPurpose1Code,MDCS,MedicalServices,Transaction is a payment for medical care services.,Registered,2007-09-01,2007-09-01
ExternalPurpose1Code,VIEW,VisionCare,Transaction is a payment for vision care services.,Registered,2007-09-01,2007-09-01
ExternalPurpose1Code,CDEP,CreditDefaultEventPayment,Payment related to a credit default event,Registered,2016-04-01,2016-01-01
ExternalPurpose1Code,SWFP,SwapContractFinalPayment,Final payments for a swap contract,Registered,2016-04-01,2016-01-01
ExternalPurpose1Code,SWPP,SwapContractPartialPayment,Partial payment for a swap contract,Registered,2016-04-01,2016-01-01
ExternalPurpose1Code,SWRS,SwapContractResetPayment,Reset payment for a swap contract,Registered,2016-04-01,2016-01-01
ExternalPurpose1Code,SWUF,SwapContractUpfrontPayment,Upfront payment for a swap contract,Registered,2016-04-01,2016-01-01
ExternalPurpose1Code,ADCS,AdvisoryDonationCopyrightServices,"Payments for donation, sponsorship, advisory, intellectual and other copyright services.",Registered,2015-11-27,2015-11-27
ExternalPurpose1Code,AEMP,ActiveEmploymentPolicy,Payment concerning active employment policy.,Registered,2012-07-16,2012-07-16
ExternalPurpose1Code,ALLW,Allowance,Transaction is the payment of allowances.,Registered,2013-05-07,2013-05-06
ExternalPurpose1Code,ALMY,AlimonyPayment,Transaction is the payment of alimony.,Registered,2007-09-01,2007-09-01
ExternalPurpose1Code,BBSC,BabyBonusScheme,Transaction is related to a payment made as incentive to encourage parents to have more children,Registered,2013-05-07,2013-05-06
ExternalPurpose1Code,BECH,ChildBenefit,Transaction is related to a payment made to assist parent/guardian to maintain child.,Registered,2007-09-01,2007-09-01
ExternalPurpose1Code,BENE,UnemploymentDisabilityBenefit,Transaction is related to a payment to a person who is unemployed/disabled.,Registered,2007-09-01,2007-09-01
ExternalPurpose1Code,BONU,BonusPayment.,Transaction is related to payment of a bonus.,Registered,2007-09-01,2007-09-01
ExternalPurpose1Code,CCHD,CashCompensationHelplessnessDisability,"Payments made by Government institute related to cash compensation, helplessness, disability. These payments are made by the Government institution as a social benefit in addition to regularly paid salary or pension.",Registered,2016-05-01,2016-04-01
ExternalPurpose1Code,COMM,Commission,Transaction is payment of commission.,Registered,2007-09-01,2007-09-01
ExternalPurpose1Code,CSLP,CompanySocialLoanPaymentToBank,Transaction is a payment by a company to a bank for financing social loans to employees.,Registered,2009-04-01,2009-04-01
ExternalPurpose1Code,GFRP,GuaranteeFundRightsPayment,Compensation to unemployed persons during insolvency procedures.,Registered,2012-07-16,2012-07-16
ExternalPurpose1Code,GVEA,AustrianGovernmentEmployeesCategoryA,Transaction is payment to category A Austrian government employees.,Registered,2009-04-01,2009-04-01
ExternalPurpose1Code,GVEB,AustrianGovernmentEmployeesCategoryB,Transaction is payment to category B Austrian government employees.,Registered,2009-04-01,2009-04-01
ExternalPurpose1Code,GVEC,AustrianGovernmentEmployeesCategoryC,Transaction is payment to category C Austrian government employees.,Registered,2009-04-01,2009-04-01
ExternalPurpose1Code,GVED,AustrianGovernmentEmployeesCategoryD,Transaction is payment to category D Austrian government employees.,Registered,2009-04-01,2009-04-01
ExternalPurpose1Code,GWLT,GovermentWarLegislationTransfer,Payment to victims of war violence and to disabled soldiers.,Registered,2012-07-16,2012-07-16
ExternalPurpose1Code,HREC,HousingRelatedContribution,"Transaction is a contribution by an employer to the housing expenditures (purchase, construction, renovation) of the employees within a tax free fringe benefit system ",Registered,2014-11-28,2014-11-28
ExternalPurpose1Code,PAYR,Payroll,Transaction is related to the payment of payroll.,Registered,2009-04-01,2009-04-01
ExternalPurpose1Code,PEFC,PensionFundContribution,Transaction is contribution to pension fund.,Registered,2016-11-18,2016-09-01
ExternalPurpose1Code,PENS,PensionPayment,Transaction is the payment of pension.,Registered,2007-09-01,2007-09-01
ExternalPurpose1Code,PRCP,PricePayment,Transaction is related to a payment of a price.,Registered,2007-09-01,2007-09-01
ExternalPurpose1Code,RHBS,RehabilitationSupport,Benefit for the duration of occupational rehabilitation.,Registered,2012-07-16,2012-07-16
ExternalPurpose1Code,SALA,SalaryPayment,Transaction is the payment of salaries.,Registered,2007-09-01,2007-09-01
ExternalPurpose1Code,SPSP,SalaryPensionSumPayment,Salary or pension payment for more months in one amount or a delayed payment of salaries or pensions.,Registered,2018-11-01,2018-11-01
ExternalPurpose1Code,SSBE,SocialSecurityBenefit,"Transaction is a social security benefit, ie payment made by a government to support individuals.",Registered,2007-09-01,2007-09-01
ExternalPurpose1Code,LBIN,LendingBuyInNetting,"Net payment related to a buy-in. When an investment manager is bought in on a sell trade that fails due to a failed securities lending recall, the IM may seize the underlying collateral to pay for the buy-in. Any difference between the value of the collateral and the sell proceeds would be paid or received under this code",Registered,2016-04-01,2016-01-01
ExternalPurpose1Code,LCOL,LendingCashCollateralFreeMovement,Free movement of cash collateral. Cash collateral paid by the borrower is done separately from the delivery of the shares at loan opening or return of collateral done separately from return of the loaned security. Note: common when the currency of the security is different the currency of the cash collateral.,Registered,2016-04-01,2016-01-01
ExternalPurpose1Code,LFEE,LendingFees,"Fee payments, other than rebates, for securities lending. Includes (a) exclusive fees; (b) transaction fees; (c)
custodian fees; (d) minimum balance fees",Registered,2016-04-01,2016-01-01
ExternalPurpose1Code,LMEQ,LendingEquityMarkedToMarketCashCollateral,Cash collateral payments resulting from the marked-to-market of a portfolio of loaned equity securities,Registered,2016-04-01,2016-01-01
ExternalPurpose1Code,LMFI,LendingFixedIncomeMarkedToMarketCashCollateral,Cash collateral payments resulting from the marked-to-market of a portfolio of loaned fixed income securities,Registered,2016-04-01,2016-01-01
ExternalPurpose1Code,LMRK,LendingUnspecifiedTypeOfMarkedToMarketCashCollateral,"Cash collateral payments resulting from the marked-to-market of a portfolio of loaned securities where the instrument
types are not specified",Registered,2016-04-01,2016-01-01
ExternalPurpose1Code,LREB,LendingRebatePayments,Securities lending rebate payments,Registered,2016-04-01,2016-01-01
ExternalPurpose1Code,LREV,LendingRevenuePayments,Revenue payments made by the lending agent to the client,Registered,2016-04-01,2016-01-01
ExternalPurpose1Code,LSFL,LendingClaimPayment,Payments made by a borrower to a lending agent to satisfy claims made by the investment manager related to sell fails from late loan recall deliveries,Registered,2016-04-01,2016-01-01
ExternalPurpose1Code,ESTX,EstateTax,Transaction is related to a payment of estate tax.,Registered,2007-09-01,2007-09-01
ExternalPurpose1Code,FWLV,ForeignWorkerLevy,Transaction is related to a payment of Foreign Worker Levy,Registered,2013-05-07,2013-05-06
ExternalPurpose1Code,GSTX,GoodsServicesTax,Transaction is the payment of Goods & Services Tax,Registered,2013-05-07,2013-05-06
ExternalPurpose1Code,HSTX,HousingTax,Transaction is related to a payment of housing tax.,Registered,2007-09-01,2007-09-01
ExternalPurpose1Code,INTX,IncomeTax,Transaction is related to a payment of income tax.,Registered,2007-09-01,2007-09-01
ExternalPurpose1Code,NITX,NetIncomeTax,Transaction is related to a payment of net income tax.,Registered,2009-04-01,2009-04-01
ExternalPurpose1Code,PTXP,PropertyTax,Transaction is related to a payment of property tax.,Registered,2013-05-07,2013-05-06
ExternalPurpose1Code,RDTX,RoadTax,Transaction is related to a payment of road tax.,Registered,2013-05-07,2013-05-06
ExternalPurpose1Code,TAXS,TaxPayment,Transaction is the payment of taxes.,Registered,2007-09-01,2007-09-01
ExternalPurpose1Code,VATX,ValueAddedTaxPayment,Transaction is the payment of value added tax.,Registered,2007-09-01,2007-09-01
ExternalPurpose1Code,WHLD,WithHolding,Transaction is related to a payment of withholding tax.,Registered,2009-04-01,2009-04-01
ExternalPurpose1Code,TAXR,TaxRefund,Transaction is the refund of a tax payment or obligation.,Registered,2012-02-09,2012-02-09
ExternalPurpose1Code,B112,TrailerFeePayment,US mutual fund trailer fee (12b-1) payment,Registered,2016-04-01,2016-01-01
ExternalPurpose1Code,BR12,TrailerFeeRebate,US mutual fund trailer fee (12b-1) rebate payment,Registered,2016-04-01,2016-01-01
ExternalPurpose1Code,TLRF,NonUSMutualFundTrailerFeePayment,Any non-US mutual fund trailer fee (retrocession) payment (use ISIN to determine onshore versus offshore designation),Registered,2016-04-01,2016-01-01
ExternalPurpose1Code,TLRR,NonUSMutualFundTrailerFeeRebatePayment,Any non-US mutual fund trailer fee (retrocession) rebate payment (use ISIN to determine onshore versus offshore designation),Registered,2016-04-01,2016-01-01
ExternalPurpose1Code,AIRB,Air,Transaction is a payment for air transport related business.,Registered,2009-04-01,2009-04-01
ExternalPurpose1Code,BUSB,Bus,Transaction is a payment for bus transport related business.,Registered,2009-04-01,2009-04-01
ExternalPurpose1Code,FERB,Ferry,Transaction is a payment for ferry related business.,Registered,2007-09-01,2007-09-01
ExternalPurpose1Code,RLWY,Railway,Transaction is a payment for railway transport related business.,Registered,2007-09-01,2007-09-01
ExternalPurpose1Code,TRPT,RoadPricing,Transaction is for the payment to top-up pre-paid card and electronic road pricing for the purpose of transportation,Registered,2013-05-07,2013-05-06
ExternalPurpose1Code,CBTV,CableTVBill,Transaction is related to a payment of cable TV bill.,Registered,2007-09-01,2007-09-01
ExternalPurpose1Code,ELEC,ElectricityBill,Transaction is related to a payment of electricity bill.,Registered,2007-09-01,2007-09-01
ExternalPurpose1Code,ENRG,Energies,Transaction is related to a utility operation.,Registered,2007-09-01,2007-09-01
ExternalPurpose1Code,GASB,GasBill,Transaction is related to a payment of gas bill.,Registered,2007-09-01,2007-09-01
ExternalPurpose1Code,NWCH,NetworkCharge,Transaction is related to a payment of network charges.,Registered,2007-09-01,2007-09-01
ExternalPurpose1Code,NWCM,NetworkCommunication,Transaction is related to a payment of network communication.,Registered,2007-09-01,2007-09-01
ExternalPurpose1Code,OTLC,OtherTelecomRelatedBill,Transaction is related to a payment of other telecom related bill.,Registered,2007-09-01,2007-09-01
ExternalPurpose1Code,PHON,TelephoneBill,Transaction is related to a payment of telephone bill.,Registered,2007-09-01,2007-09-01
ExternalPurpose1Code,UBIL,Utilities,"Transaction is for the payment to common utility provider that provide gas, water and/or electricity.",Registered,2013-05-07,2013-05-06
ExternalPurpose1Code,WTER,WaterBill,Transaction is related to a payment of water bill.,Registered,2007-09-01,2007-09-01
ExternalPurpose1Code,BOND,Bonds,Securities Lending-Settlement of Bond transaction.,Registered,2021-08-31,2021-08-23
ExternalPurpose1Code,CABD,CorporateActions-Bonds,Securities Lending-Settlement of Corporate Actions: Bonds transactions.,Registered,2021-08-31,2021-08-23
ExternalPurpose1Code,CAEQ,CorporateActions-Equities,Securities Lending-Settlement of Corporate Actions: Equities transactions.,Registered,2021-08-31,2021-08-23
ExternalPurpose1Code,CBCR,CreditCard,Card Settlement-Settlement of Credit Card transactions.,Registered,2021-08-31,2021-08-23
ExternalPurpose1Code,DBCR,DebitCard,Card Settlement-Settlement of Debit Card transactions.,Registered,2021-08-31,2021-08-23
ExternalPurpose1Code,DICL,Diners,Card Settlement-Settlement of Diners transactions.,Registered,2021-08-31,2021-08-23
ExternalPurpose1Code,EQTS,Equities,Securities Lending-Settlement of Equities transactions.,Registered,2021-08-31,2021-08-23
ExternalPurpose1Code,FLCR,FleetCard,Card Settlement-Settlement of Fleet transactions.,Registered,2021-08-31,2021-08-23
ExternalPurpose1Code,EFTC,LowValueCredit,Utilities-Settlement of Low value Credit transactions.,Registered,2021-08-31,2021-08-23
ExternalPurpose1Code,EFTD,LowValueDebit,Utilities-Settlement of Low value Debit transactions.,Registered,2021-08-31,2021-08-23
ExternalPurpose1Code,MOMA,MoneyMarket,Securities Lending-ettlement of Money Market PCH.,Registered,2021-08-31,2021-08-23
ExternalPurpose1Code,RAPI,RapidPaymentInstruction,Instant Payments-Settlement of Rapid Payment Instruction (RPI) transactions.,Registered,2021-08-31,2021-08-23
ExternalPurpose1Code,GAMB,GamblingOrWageringPayment,"General-Payments towards a purchase or winnings received from gambling, betting or other wagering activities.",Registered,2021-08-31,2021-08-24
ExternalPurpose1Code,LOTT,LotteryPayment,General-Payment towards a purchase or winnings received from lottery activities.,Registered,2021-08-31,2021-08-24
ExternalPurpose1Code,AMEX,Amex,Card Settlement-Settlement of AMEX transactions.,Registered,2021-08-31,2021-08-23
ExternalPurpose1Code,SASW,ATM,Card Settlement-Settlement of ATM transactions.,Registered,2021-08-31,2021-08-23
ExternalPurpose1Code,AUCO,AuthenticatedCollections,Utilities-Settlement of Authenticated Collections transactions.,Registered,2021-08-31,2021-08-23
ExternalPurpose1Code,PCOM,PropertyCompletionPayment,Final payment to complete the purchase of a property.,Registered,2021-09-24,2021-09-23
ExternalPurpose1Code,PDEP,PropertyDeposit,Payment of the deposit required towards purchase of a property.,Registered,2021-09-24,2021-09-23
ExternalPurpose1Code,PLDS,PropertyLoanDisbursement,Payment of funds from a lender as part of the issuance of a property loan.,Registered,2021-09-24,2021-09-23
ExternalPurpose1Code,PLRF,PropertyLoanRefinancing,"Transfer or extension of a property financing arrangement to a new deal or loan provider, without change of ownership of property.",Registered,2021-09-24,2021-09-23
ExternalPurpose1Code,GAFA,GovernmentFamilyAllowance,Salary and Benefits-Allowance from government to support family.,Registered,2021-08-31,2021-08-24
ExternalPurpose1Code,GAHO,GovernmentHousingAllowance,Salary and Benefits-Allowance from government to individuals to support payments of housing.,Registered,2021-08-31,2021-08-24
ExternalPurpose1Code,CPEN,CashPenalties,"Cash penalties related to securities transaction, including CSDR Settlement Discipline Regime.",Registered,2022-05-31,2022-05-31
ExternalPurpose1Code,DEPD,DependentSupportPayment,"Transaction is related to a payment concerning dependent support, for example child support or support for a person substantially financially dependent on the support provider.",Registered,2023-03-23,2023-03-23
ExternalPurpose1Code,RETL,RetailPayment,Retail payment including e-commerce and online shopping.,Registered,2023-03-23,2023-03-23
ExternalPurpose1Code,DEBT,ChargesBorneByDebtor,Purpose of payment is the settlement of charges payable by the debtor in relation to an underlying customer credit transfer.,Registered,2023-11-30,2023-11-30
ExternalPurpose1Code,RMCO,RegisteredMandate,Utilities-Settlement of Unauthenticated Collections transactions.,Registered,2024-12-03,2024-12-03
ExternalCategoryPurpose1Code,BONU,BonusPayment,Transaction is the payment of a bonus.,Registered,2012-02-09,2012-02-09
ExternalCategoryPurpose1Code,CASH,CashManagementTransfer,Transaction is a general cash management instruction.,Registered,2009-04-01,2009-04-01
ExternalCategoryPurpose1Code,CBLK,CardBulkClearing,"A service that is settling money for a bulk of card transactions, while referring to a specific transaction file or other information like terminal ID, card acceptor ID or other transaction details.",Registered,2012-10-08,2012-10-08
ExternalCategoryPurpose1Code,CCRD,CreditCardPayment,Transaction is related to a payment of credit card.,Registered,2009-04-01,2009-04-01
ExternalCategoryPurpose1Code,CORT,TradeSettlementPayment,"Transaction is related to settlement of a trade, eg a foreign exchange deal or a securities transaction.",Registered,2009-04-01,2009-04-01
ExternalCategoryPurpose1Code,DCRD,DebitCardPayment,Transaction is related to a payment of debit card.,Registered,2009-04-01,2009-04-01
ExternalCategoryPurpose1Code,DIVI,Dividend,Transaction is the payment of dividends.,Registered,2009-04-01,2009-04-01
ExternalCategoryPurpose1Code,DVPM,DeliverAgainstPayment,Code used to pre-advise the account servicer of a forthcoming deliver against payment instruction.,Registered,2015-08-31,2015-08-31
ExternalCategoryPurpose1Code,EPAY,Epayment,Transaction is related to ePayment.,Registered,2014-12-26,2011-05-23
ExternalCategoryPurpose1Code,FCIN,FeeCollectionAndInterest,Transaction is related to the payment of a fee and interest.,Registered,2020-11-01,2020-11-01
ExternalCategoryPurpose1Code,FCOL,FeeCollection,A service that is settling card transaction related fees between two parties.,Registered,2012-10-08,2012-10-08
ExternalCategoryPurpose1Code,GP2P,PersontoPersonPayment,General Person-to-Person Payment. Debtor and Creditor are natural persons.,Registered,2021-05-01,2021-05-01
ExternalCategoryPurpose1Code,GOVT,GovernmentPayment,Transaction is a payment to or from a government department.,Registered,2009-04-01,2009-04-01
ExternalCategoryPurpose1Code,HEDG,Hedging,Transaction is related to the payment of a hedging operation.,Registered,2009-04-01,2009-04-01
ExternalCategoryPurpose1Code,ICCP,IrrevocableCreditCardPayment,Transaction is reimbursement of credit card payment.,Registered,2009-04-01,2009-04-01
ExternalCategoryPurpose1Code,IDCP,IrrevocableDebitCardPayment,Transaction is reimbursement of debit card payment.,Registered,2009-04-01,2009-04-01
ExternalCategoryPurpose1Code,INTC,IntraCompanyPayment,"Transaction is an intra-company payment, ie, a payment between two companies belonging to the same group.",Registered,2009-04-01,2009-04-01
ExternalCategoryPurpose1Code,INTE,Interest,Transaction is the payment of interest.,Registered,2009-04-01,2009-04-01
ExternalCategoryPurpose1Code,LBOX,LockboxTransactions,Transaction is related to identify cash handling via Night Safe or Lockbox by bank or vendor on behalf of a physical store.,Registered,2021-05-01,2021-05-01
ExternalCategoryPurpose1Code,LOAN,Loan,Transaction is related to the transfer of a loan to a borrower.,Registered,2009-04-01,2009-04-01
ExternalCategoryPurpose1Code,MP2B,Commercial,Mobile P2B Payment,Registered,2017-05-01,2017-05-01
ExternalCategoryPurpose1Code,MP2P,Consumer,Mobile P2P Payment,Registered,2017-05-01,2017-05-01
ExternalCategoryPurpose1Code,OTHR,OtherPayment,Other payment purpose.,Registered,2012-02-09,2012-02-09
ExternalCategoryPurpose1Code,PENS,PensionPayment,Transaction is the payment of pension.,Registered,2009-04-01,2009-04-01
ExternalCategoryPurpose1Code,RPRE,Represented,Collection used to re-present previously reversed or returned direct debit transactions.,Registered,2019-05-01,2019-05-01
ExternalCategoryPurpose1Code,RRCT,ReimbursementReceivedCreditTransfer,Transaction is related to a reimbursement for commercial reasons of a correctly received credit transfer.,Registered,2018-11-01,2018-11-01
ExternalCategoryPurpose1Code,RVPM,ReceiveAgainstPayment,Code used to pre-advise the account servicer of a forthcoming receive against payment instruction.,Registered,2015-08-31,2015-08-31
ExternalCategoryPurpose1Code,SALA,SalaryPayment,Transaction is the payment of salaries.,Registered,2009-04-01,2009-04-01
ExternalCategoryPurpose1Code,SECU,Securities,Transaction is the payment of securities.,Registered,2009-04-01,2009-04-01
ExternalCategoryPurpose1Code,SSBE,SocialSecurityBenefit,"Transaction is a social security benefit, ie payment made by a government to support individuals.",Registered,2009-04-01,2009-04-01
ExternalCategoryPurpose1Code,SUPP,SupplierPayment,Transaction is related to a payment to a supplier.,Registered,2009-04-01,2009-04-01
ExternalCategoryPurpose1Code,TAXS,TaxPayment,Transaction is the payment of taxes.,Registered,2009-04-01,2009-04-01
ExternalCategoryPurpose1Code,TRAD,Trade,Transaction is related to the payment of a trade finance transaction.,Registered,2009-04-01,2009-04-01
ExternalCategoryPurpose1Code,TREA,TreasuryPayment,Transaction is related to treasury operations.  E.g. financial contract settlement.,Registered,2009-04-01,2009-04-01
ExternalCategoryPurpose1Code,VATX,ValueAddedTaxPayment,Transaction is the payment of value added tax.,Registered,2009-04-01,2009-04-01
ExternalCategoryPurpose1Code,WHLD,WithHolding,Transaction is the payment of withholding tax.,Registered,2009-04-01,2009-04-01
ExternalCategoryPurpose1Code,SWEP,CashManagementSweepAccount,"Classification: Cash Management. Transaction relates to a cash management instruction, requesting a sweep of the account of the Debtor above an agreed floor amount, up to a target or zero balance._x000D_
The purpose is to move the funds from multiple accounts to a single bank account. Funds can move domestically or across border and more than one bank can be used.",Registered,2021-11-30,2021-11-30
ExternalCategoryPurpose1Code,TOPG,CashManagementTopAccount,"Classification: Cash Management. Transaction relates to a cash management instruction, requesting to top the account of the Creditor above a certain floor amount, up to a target or zero balance. _x000D_
The floor amount, if not pre-agreed by the parties involved, may be specified.",Registered,2021-11-30,2021-11-30
ExternalCategoryPurpose1Code,ZABA,CashManagementZeroBalanceAccount,"Transaction relates to a cash management instruction, requesting to zero balance the account of the Debtor._x000D_
Zero Balance Accounts empty or fill the balances in accounts at the same bank, in the same country into or out of a main account each day.",Registered,2021-11-30,2021-11-30
ExternalCategoryPurpose1Code,VOST,CrossborderMIPayments,Transaction to be processed as a domestic payment instruction originated from a foreign bank.,Registered,2022-08-31,2022-08-31
ExternalCategoryPurpose1Code,FCDT,ForeignCurrencyDomesticTransfer,Foreign Currency Transaction that is processed between two domestic financial institutions.,Registered,2022-11-30,2022-11-30
ExternalCategoryPurpose1Code,CIPC,CashInPreCredit,Transaction is a direct debit for a cash order of notes and/or coins.,Registered,2022-11-30,2022-11-30
ExternalCategoryPurpose1Code,CONC,CashOutNotesCoins,Transaction is a direct debit for a cash order of notes and/or coins.,Registered,2022-11-30,2022-11-30
ExternalCategoryPurpose1Code,CGWV,CarrierGuardedWholesaleValuables,Transaction is a payment towards a Party for the collection of cash by the Cash in Transit company.,Registered,2023-04-06,2023-04-06
ExternalCategoryPurpose1Code,SAVG,Savings,Transfer to / from savings or to retirement account.,Registered,2024-08-30,2024-08-30
ExternalCategoryPurpose1Code,CTDF,DoddFrank1073Payment,Cross border transaction initiated by US natural person that is subject to compliance with Dodd Frank 1073.,Registered,2024-08-30,2024-08-30
